gene,pvalue
TP53,0.9571673
XPO1,0.94975424
HSP90AA1,0.9491717
GRB2,0.9469497
FN1,0.9398007
CUL1,0.9379864
EP300,0.93484867
ACTB,0.92552125
MYC,0.923666
CUL7,0.92276764
BRCA1,0.92137
HNRNPA1,0.9195045
CSNK2A1,0.9185769
FLNA,0.91180944
UBB,0.90360564
CDC5L,0.9027654
FBXW11,0.9005506
AR,0.8994237
CHD4,0.8991725
SIRT7,0.8971633
PPP1CA,0.88907146
LRRK2,0.8885469
CREBBP,0.8852111
HGS,0.8834392
ABL1,0.8715843
RPL13,0.8698454
RPL7,0.86978984
HDAC2,0.86950797
TTN,0.8677549
PRKACA,0.86651415
