gene,pvalue
TP53,0.9571673
HSP90AB1,0.9426167
MCM2,0.93447316
HSPA8,0.9330098
CUL7,0.92276764
VHL,0.91932416
FLNA,0.91180944
CHD4,0.8991725
LRRK2,0.8885469
CYLD,0.87832916
ABL1,0.8715843
HSPD1,0.8714585
TTN,0.8677549
RPL18A,0.8635528
HUWE1,0.86294836
SHC1,0.86001813
CDKN1A,0.8571081
MYH9,0.8519694
KRT40,0.8514124
PPP1CC,0.8503515
CHUK,0.8496989
SOS2,0.84727687
