gene,pvalue
TP53,0.9571673
FN1,0.9398007
EP300,0.93484867
CTNNB1,0.93459725
TRAF6,0.9341577
HDAC1,0.92831343
MYC,0.923666
PRPF8,0.9180546
FLNA,0.91180944
YWHAQ,0.89587086
IKBKE,0.8935251
ARRB2,0.8912443
LRRK2,0.8885469
CREBBP,0.8852111
CUL5,0.8713639
PCBP1,0.86854523
TTN,0.8677549
RPL10A,0.86497796
SF3B1,0.8632948
PRKCA,0.8630786
