gene,pvalue
TP53,0.9571673
HSP90AA1,0.9491717
FN1,0.9398007
CUL1,0.9379864
VHL,0.91932416
PRPF8,0.9180546
VCP,0.9154379
