gene,pvalue
NTRK1,0.9616985
TP53,0.9571673
EFTUD2,0.95531535
UBC,0.9543872
EGFR,0.9507765
XPO1,0.94975424
HSP90AA1,0.9491717
HSP90AB1,0.9426167
FN1,0.9398007
CUL1,0.9379864
EP300,0.93484867
CDK2,0.9304886
HNRNPA1,0.9195045
PRPF8,0.9180546
CDH1,0.9163656
VCP,0.9154379
FLNA,0.91180944
RELA,0.9105929
BTRC,0.90714633
MDM2,0.90443313
UBB,0.90360564
CFTR,0.90269536
YWHAB,0.8983487
SIRT7,0.8971633
RPA1,0.89207494
