gene,pvalue
NTRK1,0.9616985
APP,0.9613723
TP53,0.9571673
MYC,0.923666
PRPF8,0.9180546
FLNA,0.91180944
HSPA5,0.9093909
BTRC,0.90714633
CHD4,0.8991725
LRRK2,0.8885469
TGFB1,0.88773745
CREBBP,0.8852111
HGS,0.8834392
NPM1,0.87638044
PIK3R1,0.87569916
RPS2,0.8705884
TTN,0.8677549
HSPB1,0.86523926
OBSL1,0.86375284
RPLP0,0.8633274
SF3B1,0.8632948
HUWE1,0.86294836
ERBB2,0.86272216
SRRM1,0.8616761
PSMA1,0.8596102
