gene,pvalue
ESR1,0.93753165
EP300,0.93484867
ACTB,0.92552125
CUL7,0.92276764
PRPF8,0.9180546
FLNA,0.91180944
TRAF2,0.9014527
CYLD,0.87832916
EWSR1,0.87561285
CAND1,0.868309
TTN,0.8677549
RPL10A,0.86497796
OBSL1,0.86375284
MCM5,0.86373156
SF3B1,0.8632948
HUWE1,0.86294836
RPS9,0.86070555
RPS25,0.85781515
APC,0.8521969
MYH9,0.8519694
