gene,pvalue
NOTCH1,0.99526995
TTN,0.999992
TP53,0.9999883
NEB,0.9924084
ATM,0.9892135
ERBB4,0.99531436
ERBB3,0.9921606
NRAS,0.9892665
KMT2D,0.99767715
KMT2C,0.9954319
LAMA1,0.9903189
MUC16,0.99934345
