gene,pvalue
TTN,0.999992
EP300,0.99758506
TP53,0.9999883
RYR2,0.9971066
CREBBP,0.99659026
ERBB4,0.99531436
KRAS,0.998628
KMT2C,0.9954319
MUC16,0.99934345
LRP1B,0.9946925
