gene,pvalue
NOTCH1,0.99526995
TTN,0.999992
PIK3CA,0.99968874
HRAS,0.9940502
TP53,0.9999883
NEB,0.9924084
ATM,0.9892135
STAT3,0.99107707
KMT2D,0.99767715
KMT2C,0.9954319
FLG,0.9942199
MUC16,0.99934345
LRP1B,0.9946925
