gene,pvalue
NOTCH3,0.9876604
NOTCH1,0.99526995
TTN,0.999992
NOTCH2,0.98784083
EP300,0.99758506
SOS1,0.99190885
PIK3CA,0.99968874
EGFR,0.99117225
TP53,0.9999883
NEB,0.9924084
NCOR1,0.98766404
CREBBP,0.99659026
ATM,0.9892135
KRAS,0.998628
STAT3,0.99107707
NRAS,0.9892665
KMT2D,0.99767715
ERBB2,0.99497694
KMT2C,0.9954319
FLG,0.9942199
MUC16,0.99934345
LRP1B,0.9946925
