gene,pvalue
TTN,0.999992
EP300,0.99758506
KMT2D,0.99767715
MUC16,0.99934345
