feature,importance
mutations,0.4395204748294017
others,0.3022942705236665
copy_number,0.07738712331370635
gene_expression,0.10716646695904994
methylation,0.07363166437417554
